text,label,date,topic
"I love this product! It completely changed my life for the better.",1,"2026-04-28","Technology"
"Absolutely amazing experience! Will definitely recommend to everyone.",1,"2026-04-27","Business"
"Terrible service, worst experience I've ever had.",0,"2026-04-27","Entertainment"
"Great quality and fast shipping! Very satisfied with my purchase.",1,"2026-04-26","Business"
"Disappointed with the quality. Not worth the price at all.",0,"2026-04-26","Technology"
"Incredible customer support team! They helped me resolve everything.",1,"2026-04-25","Service"
"Hate this update. Everything broke after the latest release.",0,"2026-04-25","Technology"
"Best investment I've made this year! Highly recommend.",1,"2026-04-24","Business"
"Awful interface. Takes forever to load and crashes constantly.",0,"2026-04-24","Technology"
"Wonderful product! Exceeded all my expectations.",1,"2026-04-23","Food"
"Phony support team. Never got any help with my issue.",0,"2026-04-23","Service"
"Excellent value for money. Will buy again!",1,"2026-04-22","Business"
"Horrible user experience. Multiple bugs reported but nothing fixed.",0,"2026-04-22","Technology"
"Simply outstanding! Five stars all the way.",1,"2026-04-21","Entertainment"
"Waste of time and money. Regret this purchase so much.",0,"2026-04-21","Business"
"Beautiful design and intuitive interface. Love it!",1,"2026-04-20","Technology"
"Unacceptable quality standards. Multiple defects found.",0,"2026-04-20","Food"
"Fantastic service! Went above and beyond.",1,"2026-04-19","Service"
"Inferior product. Does not meet advertised specifications.",0,"2026-04-19","Technology"
"Amazing results! Will use this service regularly.",1,"2026-04-18","Business"
"Terrible experience from start to finish. Avoid at all costs.",0,"2026-04-18","Entertainment"
"Perfect solution for my needs. Exactly what I was looking for.",1,"2026-04-17","Technology"
"Poor performance even after multiple updates. Very frustrating.",0,"2026-04-17","Technology"
"Brilliant! Best purchase decision I've made all year.",1,"2026-04-16","Business"
"Subpar quality. Expected much better based on reviews.",0,"2026-04-16","Food"
"Excellent choice! Everything works perfectly.",1,"2026-04-15","Technology"
"Disappointing product. Returns to the store tomorrow.",0,"2026-04-15","Entertainment"
"Superb quality! Worth every penny.",1,"2026-04-14","Business"
"Broke on first use. Completely unacceptable.",0,"2026-04-14","Technology"
"Thrilled with my purchase! Will definitely order more.",1,"2026-04-13","Food"
"Worst experience ever. Reported to consumer protection.",0,"2026-04-13","Service"
"Phenomenal performance! Exceeded all my needs.",1,"2026-04-12","Technology"
"Not as advertised. Feel cheated with this purchase.",0,"2026-04-12","Business"
"Incredible customer service! Problem solved quickly.",1,"2026-04-11","Service"
"Overpriced and underdelivered. Not worth it.",0,"2026-04-11","Food"
"Outstanding! Will be a loyal customer for sure.",1,"2026-04-10","Entertainment"
"Defective product. Wasted days waiting for response.",0,"2026-04-10","Technology"
"Remarkable quality! Sets new standards for the industry.",1,"2026-04-09","Technology"
"Mediocre at best. Expected way more for this price.",0,"2026-04-09","Business"
"Exceptional service! Exceeded my expectations completely.",1,"2026-04-08","Service"
"Failed to deliver on promises. Very disappointing.",0,"2026-04-08","Entertainment"
"Stunning! Exactly what I needed.",1,"2026-04-07","Technology"
"Barely usable. Multiple issues with core functionality.",0,"2026-04-07","Technology"
"Remarkable! This will change my workflow.",1,"2026-04-06","Business"
"Underwhelming. Not worth the hype or the price.",0,"2026-04-06","Entertainment"
"Absolutely love it! Best purchase ever.",1,"2026-04-05","Food"
"Terrible quality control. Multiple defects received.",0,"2026-04-05","Technology"
"Phenomenal product! Changed how I work daily.",1,"2026-04-04","Business"
"Waste of money. Nothing but problems since day one.",0,"2026-04-04","Technology"
"Absolutely fantastic! Highly recommend to everyone.",1,"2026-04-03","Entertainment"
"Defective from the start. Return process was nightmare.",0,"2026-04-03","Service"
"Exceptional quality! Exceeded all my expectations.",1,"2026-04-02","Technology"
"Unacceptable performance. Crashes constantly.",0,"2026-04-02","Technology"
"Outstanding value! Best deal I've made in years.",1,"2026-04-01","Business"
"Broke immediately after purchase. Very disappointed.",0,"2026-04-01","Food"
"Simply wonderful! Love every feature of this product.",1,"2026-03-31","Technology"
"Horrible support experience. Never getting my refund.",0,"2026-03-30","Service"
"Incredible! Best investment in my career.",1,"2026-03-29","Business"
"Poor quality. Returned after one week of use.",0,"2026-03-28","Entertainment"
"Brilliant innovation! Ahead of its time.",1,"2026-03-27","Technology"
"Waste of time. Does not work as advertised.",0,"2026-03-26","Business"
"Absolutely love everything about this product!",1,"2026-03-25","Food"
"Inferior compared to competitors. Save your money.",0,"2026-03-24","Technology"
"Exceptional customer experience! Will return again.",1,"2026-03-23","Service"
"Buggy software. Multiple crashes daily.",0,"2026-03-22","Technology"
"Phenomenal results! Highly recommended.",1,"2026-03-21","Business"
"Overpriced garbage. Never buying again.",0,"2026-03-20","Entertainment"
"Absolutely perfect! Exactly what I needed.",1,"2026-03-19","Technology"
"Terrible product. Multiple complaints ignored.",0,"2026-03-18","Food"
